{
  "mae": 2.693902964730482,
  "rmse": 3.51909164419587,
  "n_train": 17437,
  "n_test": 4169,
  "countries": 970
}