{
  "mae": 2.5364443912896135,
  "rmse": 3.366814591337498,
  "n_train": 5558,
  "n_test": 1373,
  "countries": 530
}