{
  "mae": 2.710395815651524,
  "rmse": 3.519408051742528,
  "n_train": 18563,
  "n_test": 4599,
  "countries": 1016
}