{
  "mae": 2.7168482462484844,
  "rmse": 3.5332484735181047,
  "n_train": 12966,
  "n_test": 3233,
  "countries": 819
}