{
  "run_id": "671c7ba6cc26",
  "timestamp": "2026-05-05T16:09:36.198390Z",
  "model": "gbr_tone_forecaster",
  "stage": "production",
  "params": {
    "n_estimators": 200,
    "max_depth": 4,
    "lr": 0.05,
    "lags": [
      1,
      2,
      3,
      6,
      12
    ]
  },
  "metrics": {
    "mae": 2.693902964730482,
    "rmse": 3.51909164419587,
    "n_train": 17437,
    "n_test": 4169,
    "countries": 970
  }
}