{
  "run_id": "95904d1cf65f",
  "timestamp": "2026-05-05T21:37:48.084195Z",
  "model": "gbr_tone_forecaster",
  "stage": "production",
  "params": {
    "n_estimators": 200,
    "max_depth": 4,
    "lr": 0.05,
    "lags": [
      1,
      2,
      3,
      6,
      12
    ]
  },
  "metrics": {
    "mae": 2.710395815651524,
    "rmse": 3.519408051742528,
    "n_train": 18563,
    "n_test": 4599,
    "countries": 1016
  }
}