{
  "timings": {
    "ingest": 5.368315935134888,
    "etl": 56.542454957962036,
    "classify": 133.36849117279053,
    "severity": 68.46322703361511,
    "anomaly": 5.566869020462036,
    "forecast": 4.939640998840332,
    "export": 34.06409668922424,
    "reports": 1.4383060932159424,
    "__total__": 315.93057513237
  },
  "row_count": 518234,
  "timestamp": "2026-05-02T00:23:53.401632Z",
  "anomaly": {
    "precision": 0.40207738049270214,
    "recall": 0.15853658536585366,
    "f1": 0.2274077309456213,
    "n_anomalies_predicted": 25898,
    "n_anomalies_weak_true": 65682,
    "contamination": 0.05
  },
  "forecast": {
    "mae": 2.7168482462484844,
    "rmse": 3.5332484735181047,
    "n_train": 12966,
    "n_test": 3233,
    "countries": 819
  }
}