{
  "timings": {
    "ingest": 20.8054141998291,
    "etl": 69.54269790649414,
    "classify": 147.22115302085876,
    "severity": 77.69488286972046,
    "anomaly": 7.244626998901367,
    "forecast": 7.121255159378052,
    "export": 40.75103211402893,
    "reports": 1.3749821186065674,
    "__total__": 379.37444591522217
  },
  "row_count": 659185,
  "timestamp": "2026-05-05T21:38:30.210938Z",
  "anomaly": {
    "precision": 0.3667091449723891,
    "recall": 0.14449678391238852,
    "f1": 0.20730703259005145,
    "n_anomalies_predicted": 32958,
    "n_anomalies_weak_true": 83642,
    "contamination": 0.05
  },
  "forecast": {
    "mae": 2.710395815651524,
    "rmse": 3.519408051742528,
    "n_train": 18563,
    "n_test": 4599,
    "countries": 1016
  }
}