{
  "timings": {
    "ingest": 18.025218963623047,
    "etl": 95.5018208026886,
    "classify": 194.31375217437744,
    "severity": 85.3580231666565,
    "anomaly": 7.1810290813446045,
    "forecast": 7.085685968399048,
    "export": 42.61485004425049,
    "reports": 1.4569389820098877,
    "__total__": 461.0119469165802
  },
  "row_count": 630426,
  "timestamp": "2026-05-05T16:10:20.271935Z",
  "anomaly": {
    "precision": 0.41988704867060095,
    "recall": 0.1652927657873701,
    "f1": 0.23720671792941514,
    "n_anomalies_predicted": 31518,
    "n_anomalies_weak_true": 80064,
    "contamination": 0.05
  },
  "forecast": {
    "mae": 2.693902964730482,
    "rmse": 3.51909164419587,
    "n_train": 17437,
    "n_test": 4169,
    "countries": 970
  }
}