{
  "timings": {
    "ingest": 4.782811164855957,
    "etl": 31.96135401725769,
    "classify": 60.43007731437683,
    "severity": 34.093733072280884,
    "anomaly": 3.27309513092041,
    "forecast": 2.0835580825805664,
    "export": 22.593594074249268,
    "reports": 0.9892590045928955,
    "__total__": 163.18603706359863
  },
  "row_count": 294404,
  "timestamp": "2026-04-19T15:40:33.074645Z",
  "anomaly": {
    "precision": 0.41274369947693773,
    "recall": 0.16011805939863494,
    "f1": 0.2307283359914939,
    "n_anomalies_predicted": 14721,
    "n_anomalies_weak_true": 37947,
    "contamination": 0.05
  },
  "forecast": {
    "mae": 2.5364443912896135,
    "rmse": 3.366814591337498,
    "n_train": 5558,
    "n_test": 1373,
    "countries": 530
  }
}